"Rec_id","Zast_id","Name_short","Zkratka","Typ","Sloupky","Zapsano"
"31030514001",0,"(?)","(?)",,,0
"31030514002",2,"Na Knížecí","nKn","M","05=0241,06=0240,",0
"31030514003",4,"Arbesovo nám.","ArN",,"01=0008,02=0007,",0
"31030514004",7,"ČSAD Smíchov","ČSm",,"01=0054,02=0053,",0
"31030514005",12,"Balabenka","Bal",,"01=0011,02=0009,03=0010,",0
"31030514006",15,"Baterie","Bat","K","01=0013M,02=0012M,",0
"31030514007",19,"Belárie","Bel",,"01=0605,02=0604,",0
"31030514008",20,"Král. letohrádek","KLe","K","01=0014,02=0015,",0
"31030514009",25,"Bertramka","Ber",,"01=0017,02=0016,",0
"31030514010",31,"Bílá Hora","BíH","S","01=0020MN,02=0516MV,03=0625N,04=0626V,",0
"31030514011",32,"Bílá labuť","BíL",,"01=0021,02=0022,03=0452,",0
"31030514012",34,"Biskupcova","Bis",,"01=0019M,02=0018M,",0
"31030514013",40,"Bořislavka","Boř",,"01=0026,02=0025,",0
"31030514014",42,"Botanická zahr.","BoZ",,"01=0027,02=0028,",0
"31030514015",45,"Bruselská","Bru",,"01=0029,02=0030,",0
"31030514016",46,"Brusnice","Brs",,"01=0031M,02=0032M,",0
"31030514017",47,"Blatiny","Bla",,"01=0024M,02=0023M,",0
"31030514018",49,"Geologická","Geo",,"04=0691M,05=0690M,",0
"31030514019",54,"Bulovka","Bul",,"01=0035,02=0036,",0
"31030514020",67,"Čechovo nám.","ČeN","S","02=0037M,03=0665,04=0514M,05=0679,08=0288VF,",0
"31030514021",68,"Čechův most","ČeM",,"01=0038,02=0039,",0
"31030514022",70,"Černokostelecká","Čks","K","01=0041M,02=0042M,",0
"31030514023",71,"Černý kůň","ČeK",,"01=0603,02=0602,",0
"31030514024",72,"Lehovec","Leh","S","01=0186MN,02=0520V,03=0628N,",0
"31030514025",73,"Červený Vrch","ČeV","S","01=0045,02=0044M,03=0629MN,04=0163VF,05=0630N,",0
"31030514026",75,"Kolbenova","Kol","M","01=0052,02=0051,",0
"31030514027",76,"Modřanská škola","MŠk",,"01=0607,02=0606,",0
"31030514028",78,"Ládví","Lád","KM","01=0184M,02=0185M,",0
"31030514029",81,"Dělnická","Děl",,"01=0059,02=0058,",0
"31030514030",83,"Div. Na Fidlov.","DnF",,"01=0061,02=0062,",0
"31030514031",85,"Divoká Šárka","DiŠ","S","01=0063MN,02=0517V,03=0631N,04=0632V,",0
"31030514032",86,"Dlabačov","Dla","S","01=0064N,02=0564V,03=0633N,04=0634VF,05=0635N,06=0636V,",0
"31030514033",87,"Dlouhá třída","DTř",,"01=0065,02=0066,",0
"31030514034",100,"Vltavská","Vlt","KM","01=0462M,02=0463M,",0
"31030514035",103,"Drinopol","Dri",,"01=0067,02=0068,",0
"31030514036",110,"Dvorce","Dvo",,"01=0070M,02=0069M,03=0575,04=0579,",0
"31030514037",113,"Hlušičkova","Hlš",,"01=0094M,02=0093M,",0
"31030514038",115,"Nádr. Holešov/el","#Hš","M","01=0251,02=0252,",0
"31030514039",118,"Flora","Fla","M","01=0072,02=0071,",0
"31030514040",126,"Podbaba","Pdb","S","02=0338MN,03=0337MV,04=0764,06=0765,08=0778,",0
"31030514041",130,"Hadovka","Had",,"01=0076,02=0075,",0
"31030514042",134,"Nádr. Libeň","#Li",,"01=0077,02=0078,03=0759VF,",0
"31030514043",135,"Hloubětín","Hlo","M","01=0080,02=0079,",0
"31030514044",138,"Hellichova","Hel",,"01=0081,02=0082,",0
"31030514045",139,"Hercovka","Her",,"01=0083,02=0084,",0
"31030514046",140,"Hládkov","Hlá",,"01=0087,02=0088,03=0644,",0
"31030514047",142,"Hlavní nádraží","Hl#","KM","01=0086M,02=0085M,",0
"31030514048",144,"Starý Hloub./smč","SHl","S","01=0544N,02=0091V,03=0660N,04=0661V,",0
"31030514049",147,"Hlubočepy","Hlč","KS","01=0092N,02=0518V,05=0702M,06=0703M,",0
"31030514050",152,"Horky","Hrk",,"01=0095,02=0096,",0
"31030514051",157,"Horoměřická","Hrm",,"01=0098,02=0097,",0
"31030514052",163,"Hradčanská","Hra","KM","01=0104M,02=0103M,11=0573,12=0574,",0
"31030514053",172,"Husinecká","Hus",,"01=0106,02=0105,",0
"31030514054",180,"Chmelnice","Chm",,"01=0110,02=0109,",0
"31030514055",183,"Chodovská","Chd",,"01=0111,02=0112,",0
"31030514056",184,"Škola Radlice","ŠRa",,"03=0707,04=0708,",0
"31030514057",187,"Chotkovy sady","ChS",,"01=0114,02=0113,",0
"31030514058",190,"I.P.Pavlova","IPP","M","01=0115M,02=0116M,03=0537M,04=0538,13=0675,14=0676,",0
"31030514059",191,"Italská","Ita",,"01=0120,02=0119,",0
"31030514060",203,"Jindřišská","Jin",,"01=0123,02=0124,",0
"31030514061",208,"Jiráskovo nám.","JiN",,"01=0126M,02=0125M,",0
"31030514062",209,"Jiřího z Poděbr.","JPo","M","01=0128,02=0127,",0
"31030514063",221,"Karlovy lázně","KLá",,"01=0136,",0
"31030514064",231,"Kamenická","Kam",,"01=0129,02=0130,12=0779,",0
"31030514065",236,"Slánská","Slá",,"01=0379M,02=0378M,",0
"31030514066",237,"Karlovo náměstí","KvN","M","01=0133M,02=0134M,03=0135,",0
"31030514067",240,"Kavalírka","Kav",,"01=0138M,02=0137M,",0
"31030514068",242,"Kbelská","Kbe",,"01=0140,02=0139,",0
"31030514069",249,"Ke Stírce","kSt",,"01=0141,02=0142,03=0594,04=0595,",0
"31030514070",250,"Vítězné náměstí","VíN","M","03=0461,04=0460,14=0718,15=0719,",0
"31030514071",254,"Klamovka","Klm",,"01=0146,02=0145,",0
"31030514072",266,"Kněžská luka","KLu",,"01=0148,02=0147,",0
"31030514073",269,"Koh-i-noor","KIN",,"01=0149M,02=0150M,03=0754VF,",0
"31030514074",272,"Div. p. Palmovk.","DpP",,"01=0060,",0
"31030514075",283,"Nad Džbánem","nDž",,"01=0152,02=0151,",0
"31030514076",289,"Kotlářka","Kot",,"01=0154M,02=0153M,",0
"31030514077",295,"Královka","Krá","S","03=0156N,04=0565V,05=0639N,06=0640V,07=0641N,08=0642V,",0
"31030514078",299,"Krem. Strašnice","KrS",,"01=0162,02=0161,",0
"31030514079",301,"Krymská","Kry",,"02=0164,",0
"31030514080",302,"Křížová","Kří",,"01=0168M,02=0167M,",0
"31030514081",303,"Kublov","Kbl",,"01=0173M,02=0172M,",0
"31030514082",308,"Divadlo Gong","DiG","K","01=0175M,02=0174M,",0
"31030514083",314,"Kyselova","Kys",,"01=0176,02=0177,",0
"31030514084",319,"Laurová","Lau",,"01=0179,02=0178,",0
"31030514085",321,"Dejvická","Dej","KM","01=0056M,02=0055M,",0
"31030514086",324,"Letenské náměstí","LeN",,"01=0768,02=0188,11=0187,12=0781,",0
"31030514087",331,"Libeňský most","LiM","K","01=0189M,02=0190M,",0
"31030514088",333,"Líbeznická","Líb",,"01=0195,02=0196,",0
"31030514089",337,"Lihovar","Lih",,"01=0192,02=0191,",0
"31030514090",339,"Lipanská","Lip",,"01=0194,02=0193,",0
"31030514091",348,"Sazka arena","Sar","K","01=0197M,02=0198M,",0
"31030514092",350,"Lotyšská","Lot",,"01=0200,02=0199,",0
"31030514093",354,"Jana Masaryka","JMa",,"01=0121,02=0122,",0
"31030514094",358,"Malešická továr.","MTo",,"01=0201,02=0202,",0
"31030514095",360,"Malostranská","Mls","M","01=0205M,02=0206M,07=0668,08=0669,",0
"31030514096",361,"Malostranské n.","MsN",,"01=0207,02=0208,",0
"31030514097",362,"Malovanka","Mlv","K","01=0209,02=0210,",0
"31030514098",364,"Malý Břevnov","MBř",,"01=0211,02=0212,",0
"31030514099",365,"Maniny","Man",,"01=0213,02=0214,",0
"31030514100",366,"Marjánka","Mrj",,"01=0215M,02=0216M,",0
"31030514101",373,"Mezi Hřbitovy","mHř",,"01=0219,02=0220,",0
"31030515102",376,"Michelská","Mch","K","01=0221M,02=0222M,",0
"31030515103",387,"Pobřežní cesta","PCe",,"01=0224,02=0223,",0
"31030515104",388,"Nádr. Modřany","#Mo","K","01=0609M,02=0608M,",0
"31030515105",390,"Moráň","Mor",,"04=0225,",0
"31030515106",391,"Vršovické nám.","VrN","K","01=0483M,02=0484M,",0
"31030515107",393,"Mostárna","Mos",,"01=0226,02=0227,",0
"31030515108",394,"Motol","Mot",,"01=0229M,02=0228M,",0
"31030515109",395,"Krem. Motol","KrM",,"01=0160M,02=0159M,",0
"31030515110",400,"Muzeum","Muz","M","01=0231,02=0230,",0
"31030515111",401,"Myslíkova","Mys",,"01=0233,02=0232,04=0680O,",0
"31030515112",403,"Na Groši","nGr",,"01=0235,02=0234,",0
"31030515113",404,"Na Homoli","nHo",,"01=0236,02=0237,",0
"31030515114",433,"Na Veselí","nVe",,"01=0244,02=0700M,",0
"31030515115",439,"Nábř.kpt.Jaroše","NJa",,"01=0248,",0
"31030515116",447,"Nad Trojou","nTr",,"01=0246,02=0247,",0
"31030515117",449,"Nádr. Braník/smč","#Br","S","03=0250MN,04=0522V,05=0643N,",0
"31030515118",453,"Nádr. Hostivař","#Hs","S","01=0255MN,02=0523V,03=0662N,04=0663V,05=0664N,",0
"31030515119",458,"Smíchovské nádr.","Sm#","M","01=0584M,02=0585M,04=0380V,06=0381N,08=0583V,",0
"31030515120",459,"Nádr. Strašnice","#St",,"01=0257,02=0256M,04=0586VF,",0
"31030515121",460,"Masarykovo nádr.","MaN","M","03=0217,04=0218,11=0672,12=0673,",0
"31030515122",462,"Nádr. Veleslavín","#Ve",,"01=0259,02=0258,",0
"31030515123",463,"Nádr. Vršovice","#Vr",,"01=0261,02=0260,",0
"31030515124",464,"Pol. Vysočany","PkV",,"01=0263,02=0262,",0
"31030515125",467,"Třebenická","Tře",,"01=0428,",0
"31030515126",469,"Nákl.nádr.ŽI","#Ži",,"01=0267,02=0266,",0
"31030515127",471,"Stejskalova","Ste",,"01=0393,02=0394,",0
"31030515128",472,"Hostivařská","Hos",,"01=0100M,02=0099M,",0
"31030515129",473,"Kubánské náměstí","KuN","S","01=0170M,02=0169M,03=0171MN,04=0245VF,12=0766,",0
"31030515130",474,"Vysočanská  /smč","Vys","S","01=0490N,02=0571VF,",0
"31030515131",476,"Nám. Míru","NMí","M","01=0270,02=0271,",0
"31030515132",480,"Nám. Republiky","NRp","KM","01=0272M,02=0273M,",0
"31030515133",481,"Švandovo divadlo","Šdi",,"01=0144,02=0143,",0
"31030515134",482,"Nám. Bří Synků","NSy","KS","01=0268M,02=0269M,03=0552N,04=0519,06=0715VF,09=0587,",0
"31030515135",483,"Národní divadlo","NDi",,"01=0275,02=0274,08=0599F,",0
"31030515136",484,"Vodičkova","Vod",,"01=0466,02=0467,",0
"31030515137",496,"Nové Strašnice","NSt",,"01=0280,02=0281,",0
"31030515138",499,"Nový Hloubětín","NHl","K","01=0283M,02=0282M,",0
"31030515139",503,"Nuselská radnice","NuR",,"01=0284,02=0285,",0
"31030515140",504,"Nuselské schody","NuS",,"01=0286,02=0287,",0
"31030515141",507,"OD Petřiny","ODP",,"01=0289,02=0701M,",0
"31030515142",508,"Oblouková","Obl","K","01=0291M,02=0290M,04=0755VF,",0
"31030515143",512,"Ohrada","Ohr",,"01=0295,02=0294,",0
"31030515144",514,"Okrouhlická","Okr",,"01=0296,02=0297,",0
"31030515145",515,"Olšanské hř.","OlH","S","01=0301M,02=0300,04=0302V,06=0570V,14=0249VF,",0
"31030515146",516,"Olšanské nám.","OlN",,"01=0304M,02=0303M,",0
"31030515147",518,"Orionka","Ori",,"01=0305,02=0306,",0
"31030515148",519,"Ořechovka","Oře",,"01=0308,02=0307,",0
"31030515149",521,"Ortenovo nám.","OrN",,"01=0309,02=0521,",0
"31030515150",522,"Ostrčilovo nám.","OsN",,"01=0310,02=0311,",0
"31030515151",523,"Otakarova","Ota","S","02=0714VF,05=0313M,06=0312M,",0
"31030515152",528,"Palackého nám.","PaN","M","05=0317M,06=0316M,",0
"31030515153",529,"Palmovka/metro","Plm","M","01=0322,03=0318,04=0319,14=0674,",0
"31030515154",530,"Palouček","Plč",,"01=0323,02=0324,",0
"31030515155",531,"Pohořelec","Poh",,"01=0325,02=0326,",0
"31030515156",532,"Výstaviště  /smč","Výs","S","03=0540N,04=0493V,",0
"31030515157",539,"Národní třída","NTř","KM","01=0279MV,02=0278M,",0
"31030515158",540,"Perunova","Per",,"01=0327,02=0328,",0
"31030515159",541,"Petřiny","Pet","S","01=0751MN,02=0524V,03=0752N,04=0645V,",0
"31030515160",550,"Plynárna Michle","PMi",,"01=0330,02=0331,",0
"31030515161",553,"Plzeňka","Plz",,"01=0333,02=0332,",0
"31030515162",559,"Pod Jezerkou","pJe",,"01=0334,02=0335,",0
"31030515163",560,"Pod Karlovem","pKa",,"02=0336,",0
"31030515164",567,"Hotel Golf","HoG",,"01=0102M,02=0101M,",0
"31030515165",580,"Poštovka","Pšt",,"01=0342M,02=0341M,",0
"31030515166",583,"Podolská vodárna","PoV","K","01=0340M,02=0339M,",0
"31030515167",586,"Olšanská","Olš","K","01=0299M,02=0298M,",0
"31030515168",592,"Prašný most","PrM",,"01=0344,02=0343,",0
"31030515169",593,"Právnická fak.","PrF",,"01=0351,02=0352,",0
"31030515170",595,"Pražská tržnice","PTr",,"01=0345,02=0346,",0
"31030515171",597,"Praž. povstání","PPo","M","01=0347M,02=0348M,",0
"31030515172",598,"Pražský hrad","PHr",,"01=0349,02=0350,",0
"31030515173",599,"Na Hroudě","nHr",,"01=0239,02=0238,",0
"31030515174",605,"Průběžná","Prů",,"01=0354,02=0353,",0
"31030515175",610,"Obora Hvězda","ObH",,"01=0716,02=0717,",0
"31030515176",612,"Sídl. Řepy","SŘe","S","01=0373MN,02=0527MV,03=0657MN,04=0753V,12=0400V,",0
"31030515177",614,"Přístaviště","Pří",,"01=0356M,02=0355M,",0
"31030515178",616,"Radhošťská","Rdh",,"01=0358M,02=0357M,",0
"31030515179",618,"Radošovická","Rdš","K","01=0360M,02=0359M,",0
"31030515180",627,"Ruská","Rus",,"01=0362,02=0363,",0
"31030515181",636,"Říčanova","Říč",,"01=0364,02=0365,",0
"31030515182",645,"Sibeliova","Sib",,"01=0367,02=0366,",0
"31030515183",651,"Sídliště Ďáblice","SĎá","S","01=0370MN,02=0526MV,03=0655N,04=0656V,",0
"31030515184",652,"Sídl. Hloubětín","SHl",,"01=0372,02=0371M,",0
"31030515185",655,"Invalidovna","Inv","KM","01=0117,02=0118,",0
"31030515186",670,"Sídl. Zahr.Město","SZM",,"01=0375,02=0374,",0
"31030515187",673,"Na Padesátém","n50",,"01=0243,02=0242,",0
"31030515188",675,"Kobylisy","Kob","M","01=0622,02=0623,",0
"31030515189",676,"Střelničná","Stř",,"01=0403,02=0404,",0
"31030515190",680,"Slavia","Sla",,"01=0376,02=0377,",0
"31030515191",689,"Florenc","Flc","M","01=0073M,02=0074M,03=0653VF,04=0654N,",0
"31030515192",690,"Solidarita","Sol","K","01=0382M,02=0383M,",0
"31030515193",691,"Podkovářská","Pod",,"01=0384,02=0385,",0
"31030515194",692,"Sparta","Spr",,"01=0386,02=0387,",0
"31030515195",694,"Spojovací","Spj","S","01=0388MN,02=0528MV,",0
"31030515196",697,"Spořilov","Spř","S","01=0389MN,02=0529MV,",0
"31030515197",703,"Staroměstská","Sta","M","01=0392M,02=0390M,",0
"31030515198",713,"Strašnická","Str","M","01=0395M,02=0396M,",0
"31030515199",714,"Strážní","Stž","K","01=0398M,02=0397M,",0
"31030515200",717,"Strossmayer.nám.","StN",,"01=0401M,02=0402M,04=0547M,05=0399M,12=0782,",0
"31030515201",718,"Březiněveská","Bře",,"01=0405M,02=0406M,03=0658,04=0407VF,06=0704VF,",0
"31030515202",724,"Svatoplukova","Sva","K","01=0408M,02=0409M,",0
"31030515203",734,"Špejchar","Špj","S","01=0512N,02=0562V,03=0647N,13=0791N,",0
"31030515204",739,"Štěpánská","Ště","K","01=0412M,02=0413M,",0
"31030515205",740,"Štěpničná","Štč",,"01=0414,02=0415,",0
"31030515206",744,"Šumavská","Šum",,"01=0416M,02=0417M,",0
"31030515207",751,"Teplárna Michle","TMi",,"01=0418,02=0419,",0
"31030515208",755,"Nademlejnská","Nml",,"01=0420M,02=0421M,",0
"31030515209",757,"Thákurova","Thá",,"01=0425,02=0424,",0
"31030515210",758,"Křižíkova","Kři","M","01=0165,02=0166,",0
"31030515211",765,"Trojská","Trj","K","01=0426M,02=0427M,",0
"31030515212",775,"U Elektry","uEl",,"01=0430,02=0431,",0
"31030515213",778,"U Kaštanu","uKa",,"01=0432,02=0433,",0
"31030515214",779,"U Kříže","uKř",,"01=0434,02=0435,",0
"31030515215",805,"U Zvonu","uZv",,"01=0437,02=0436,",0
"31030515216",807,"Ústřed. dílny DP","ÚsD","S","01=0443MN,02=0530V,03=0648N,04=0649V,07=0775N,08=0776V,",0
"31030515217",809,"Újezd","Újz",,"01=0441M,02=0442M,04=0440M,",0
"31030515218",816,"Urxova","Urx",,"01=0438M,02=0439M,",0
"31030515219",837,"Vápenka","Váp",,"01=0447,02=0446,03=0513N,04=0508VF,05=0659,06=0509VF,",0
"31030515220",841,"Veletržní","Vel",,"01=0448,02=0449,",0
"31030515221",844,"Větrník","Vět",,"01=0451,02=0450,",0
"31030515222",848,"Voz. Strašnice","*Sa",,"01=0478,02=0477,03=0580O,06=0391,",0
"31030515223",849,"Vinohradské hř.","ViH",,"01=0459,02=0458,",0
"31030515224",850,"Vinohradská trž.","VTr",,"01=0455,02=0454,",0
"31030515225",851,"Vinohradská vod.","ViV",,"01=0456,02=0457,",0
"31030515226",854,"Karlínské nám.","KnN",,"01=0131,02=0132,",0
"31030515227",858,"Vojenská nem.","VjN",,"01=0469,02=0468,",0
"31030515228",861,"Vosmíkových","Vos",,"01=0470,02=0471,03=0049,04=0050,",0
"31030515229",864,"Voz. Kobylisy","*Ko","S","01=0472MN,02=0531V,03=0650N,04=0566O,05=0558O,",0
"31030515230",865,"Voz. Motol","*Mo","K","01=0474M,02=0473M,",0
"31030515231",866,"Voz. Pankrác","*Pa","S","01=0750MN,02=0475V,04=0651V,06=0598V,",0
"31030515232",867,"Voz. Střešovice","*Se",,"01=0480M,02=0479M,03=0652M,04=0758,",0
"31030515233",868,"Voz. Vokovice","*Vo",,"01=0482,02=0481M,03=0557N,",0
"31030515234",870,"Vychovatelna","Vch","K","01=0485M,02=0486M,",0
"31030515235",872,"Vypich","Vyp","KS","01=0487M,02=0488M,04=0678VF,",0
"31030515236",873,"Poštovská","Pšá",,"01=0048,02=0047,",0
"31030515237",876,"Albertov","Alb",,"01=0001M,02=0002M,04=0525M,",0
"31030515238",878,"Výtoň","Výt",,"01=0495,02=0494,",0
"31030515239",889,"Zahradní Město","ZMě",,"01=0497,02=0496,",0
"31030515240",900,"Zborov-Str.div.","Zbo",,"01=0498,02=0499,",0
"31030515241",901,"Zborovská","Zbá",,"01=0501,02=0500,",0
"31030515242",906,"Zelená","Zel",,"03=0712M,04=0713M,",0
"31030515243",914,"Zlíchov","Zlí",,"01=0503,02=0502,",0
"31030515244",921,"Želivského","Žel","KM","01=0507M,02=0506M,",0
"31030515245",929,"Pol. Modřany","PkM",,"01=0613,02=0612,",0
"31030515246",942,"Tusarova","Tus",,"03=0429,",0
"31030515247",943,"Sídl. Červ. Vrch","SČV",,"01=0369,02=0368,",0
"31030515248",945,"Levského","Lev","S","01=0621MN,02=0620VF,",0
"31030515249",946,"Sídl. Modřany","SMo","S","01=0619,02=0618M,",0
"31030515250",947,"Modřanská rokle","MRo",,"01=0617,02=0616,",0
"31030515251",948,"U Libuš. potoka","uLP",,"01=0615,02=0614,",0
"31030515252",952,"Těšnov","Těš",,"01=0422,02=0423,",0
"31030515253",957,"Radlická","Rad","S","03=0709MN,04=0711MV,",0
"31030515254",994,"Břevnovský kláš.","BřK",,"01=0033,02=0034,",0
"31030515255",997,"Lazarská","Laz","C","01=0180,02=0181,06=0677,",0
"31030515256",1006,"Čechova čtvrť","ČeČ",,"01=0611,02=0610,",0
"31030515257",1019,"Sídl. Barrandov","SBa",,"01=0698MN,02=0699M,",0
"31030515258",1030,"Pol. Barrandov","PkB",,"01=0696M,02=0697M,",0
"31030515259",1040,"Anděl/Plzeňská","AnP","KM","01=0006M,02=0005M,03=0794,04=0795,05=0593,",0
"31030515260",1044,"Braunova","Bra",,"01=0705,02=0706,",0
"31030515261",1045,"Vinice","Vnc",,"04=0453,",0
"31030515262",1049,"K Barrandovu","KBa",,"03=0692M,04=0693M,",0
"31030515263",1050,"Chaplinovo nám.","ChN",,"03=0694M,04=0695M,",0
"31030515264",1052,"Špitálská","Špi",,"01=0411,02=0410,",0
"31030515265",1053,"Voz. Hloubětín","*Hl",,"01=0550O,02=0549O,",0
"31030515266",1071,"Depo Hostivař","DHs","M","11=0107,12=0108,",0
"31030515267",1072,"Václavské nám.","VáN","KM","01=0444M,02=0445M,",0
"31030515268",1074,"Krejcárek","Krj","K","01=0158M,02=0157,",0
"31030515269",1075,"Ocelářská","Oce",,"01=0292,02=0293,",0
"31030515270",1091,"Novomanželé","Nma",,"01=0773,",0
"31030515271",1092,"Muz. Střešovice","MSe",,"01=0767,",0
"31030515272",1094,"Dopravní podnik","Dop",,"01=0930,",0
"31030515273",1095,"ZELENÁ JÍZDA +","ZE+",,"01=0769,",0
"31030515274",1096,"Evr.týden mobil.","Etm",,"01=0797,",0
"31030515275",1097,"Není cesty zpět","Ncz",,"01=0999,",0
"31030515276",1098,"Den otevř. dveří","Dod",,"01=0771,",0
"31030515277",1099,"NENASTUPUJTE","Nen",,"01=0988,",0
"31030515278",1100,"DP proti AIDS","DpA",,"01=0772,",0
"31030515279",1105,"NESPRáVNý K˘D","Nsk",,"01=0788,02=0789,",0
"31030515280",1108,"Nad Primaskou","nPr",,"02=0581,",0
"31030515281",1109,"Palmovka/Sokol.","Plm",,"03=0057V,06=0535,07=0536,08=0515,09=0329VF,",0
"31030515282",1111,"OC Hostivař","OCH",,"01=0670,02=0671,",0
"31030515283",1121,"Zvonařka","Zvo","S","01=0561,02=0569,",0
"31030515284",1122,"U Průhonu","uPr",,"01=0572,",0
"31030515285",1368,"Nádr. Vysočany","#Vy","M","03=0046M,08=0489M,",0
"31030515286",1997,"Újezd (lanovka)","Újz",,"01=0804M,02=0805M,",0
"31030515287",1998,"Nebozízek","Neb",,"01=0800M,02=0801M,03=0777,",0
"31030515288",1999,"Petřín","Ptn",,"01=0802M,02=0803M,",0
"31030515289",2610,"HLOUBĚTÍN Voz.","*HL","V","02=0912M,03=0913M,",0
"31030515290",2611,"HLOUBĚTÍN Depo","*HL",,"01=0911,04=0914,",0
"31030515291",2620,"KOBYLISY Voz.","*KO","V","02=0922M,03=0923M,",0
"31030515292",2621,"KOBYLISY Depo","*KO",,"01=0921,04=0924,",0
"31030515293",2627,"MYCÍ RÁM","*KO",,"07=0925,",0
"31030515294",2630,"MOTOL Voz.","*MO","V","02=0932MVF,03=0933M,",0
"31030515295",2631,"MOTOL Depo","*MO",,"01=0931,04=0934,",0
"31030515296",2640,"PANKRÁC Voz.","*PA","V","02=0592M,03=1009M,",0
"31030515297",2641,"PANKRÁC Depo","*PA",,"01=0941,04=0944,",0
"31030515298",2650,"STRAŠNICE Voz.","*SA","V","02=0952M,03=0953M,",0
"31030515299",2651,"STRAŠNICE Depo","*SA",,"01=0951,04=0954,",0
"31030515300",2660,"STŘEŠOVICE Voz.","*SE","V","01=0961,02=0962,03=0963,04=0964,",0
"31030515301",2670,"VOKOVICE Voz.","*VO","V","02=0972,03=0973M,",0
"31030515302",2671,"VOKOVICE Depo","*VO",,"01=0971,04=0974,",0
"31030515303",2680,"ŽIŽKOV Voz.","*ŽI","V","02=0982M,03=0983M,",0
"31030515304",2681,"ŽIŽKOV Depo","*ŽI",,"01=0981,04=0984,",0
"31030515305",2690,"DEPONACE","*DE","V","01=0991,02=0996M,03=0997M,04=0994,",0
"31030515306",2691,"DEPONACE hala","*DH",,"01=0792,04=0793,",0
"31030515307",2699,"DEPONACE S.BARR.","*DB","V","11=0992,13=0993M,",0
"31030515308",2900,"Bambiriáda","Bam",,"01=0760,02=0761,",0
"31030515309",5002,"Na Knížecí  /smč","nKn","MS","07=0511,08=0539,09=0551,10=0510,",0
"31030515310",5012,"U Balabenky","uBa",,"04=0548O,05=0563O,",0
"31030515311",5040,"Anděl/Nádražní","AnN","KM","03=0004M,04=0003M,",0
"31030515312",5046,"Brusnice    /obč","Brs",,"03=0542O,04=0543O,",0
"31030515313",5067,"Čechovo nám./doč","ČeN","S","01=0596,03=0597,",0
"31030515314",5068,"Čechův most /obč","ČeM",,"03=0576O,04=0040O,",0
"31030515315",5070,"Černokostel./smč","Čks","S","03=0043MN,04=0541V,06=0627V,",0
"31030515316",5100,"Vltavská    /obč","Vlt","KM","03=0464O,04=0465O,",0
"31030515317",5115,"Nádr. Holešovice","#Hš","KM","03=0253M,04=0254M,",0
"31030515318",5134,"Harfa","Har","S","03=0577N,08=0582V,",0
"31030515319",5144,"Starý Hloubětín","SHl",,"05=0090,06=0089,",0
"31030515320",5190,"I.P.Pavlova /doč","IPP",,"02=0578,",0
"31030515321",5203,"Dlážděná","Dlž",,"03=0588,04=0589,",0
"31030515322",5289,"Kotlářka    /smč","Kot","S","03=0155MN,04=0533V,05=0637N,06=0638V,",0
"31030515323",5360,"Malostranská/obč","Mls","M","03=0203O,04=0204O,",0
"31030515324",5449,"Nádraží Braník","#Br","K","01=0601M,02=0600M,",0
"31030515325",5458,"Smích. nádr./doč","Sm#",,"01=0591,02=0590,",0
"31030515326",5460,"Masaryk.nádr/doč","MaN",,"01=0559,02=0560,",0
"31030515327",5469,"Nákl.nádr.ŽI/Olš","#Ži",,"03=0265,04=0264,",0
"31030515328",5476,"Blanická","Bln",,"03=0545O,04=0546O,",0
"31030515329",5483,"Nár.divadlo/nábř","NDi","K","04=0277M,06=0276M,",0
"31030515330",5528,"Palackého n/nábř","PaN","M","07=0315M,08=0314M,",0
"31030515331",5529,"Palmovka/Na Žert","Plm","MS","02=0321M,04=0476,05=0320M,",0
"31030515332",5532,"Výstaviště","Výs",,"01=0491,02=0492,",0
"31030515333",5583,"Podolská vod./sm","PoV","S","03=0553,04=0554V,06=0532,",0
"31030515334",5618,"Radošovická /smč","Rdš","S","03=0361MN,04=0534VF,",0
"31030515335",5692,"Sparta","Spr",,"03=0757,04=0756,",0
"31030515336",5703,"Staroměstská/obč","Sta","M","07=0624O,08=0646O,",0
"31030515337",5765,"Trojská     /doč","Trj",,"01=0567,02=0568,",0
"31030515338",5878,"Výtoň       /obč","Výt",,"03=0555O,04=0556O,",0
"31030515339",5921,"Želivského/Stroj","Žel","K","03=0505M,04=0504M,",0
"31030515340",5997,"Lazarská/Spálená","Laz","C","03=0183O,04=0182O,",0
"31030515341",6249,"Stírka","Stí",,"01=0666,02=0667,",0
"31030515342",7100,"MR Barrandov","MRB",,"01=0710M,",0
"31030515343",7200,"MR Trojská 1","MRT",,"01=0720M,",0
"31030515344",7201,"MR Trojská 2","MRT",,"01=0721M,",0
"31030515345",7300,"MR Krejcárek 1","MRK",,"01=0730M,",0
"31030515346",7301,"MR Krejcárek 2","MRK",,"01=0731M,",0
"31030515347",7302,"MR Krejcárek 3","MRK",,"02=0732M,",0
"31030515348",7303,"MR Krejcárek 4","MRK",,"02=0733M,",0
"31030515349",7400,"MR Ječná 1","MRJ",,"01=0740M,",0
"31030515350",7401,"MR Ječná 2","MRJ",,"01=0741M,",0
"31030515351",7551,"Festivalová","Fst",,"01=0762,02=0763,",0
"31030515352",7700,"MR Senov. n.","MRS",,"01=0770M,",0
"31030515353",7900,"MR","MRX",,"01=0790M,",0
"31030515354",8100,"ROV 557-Vltavská","Vlt",,"01=0810M,",0
"31030515355",8110,"ROV 574-Palmovka","Plm",,"01=0811M,",0
"31030515356",8120,"ROV 540-Minská","Min",,"01=0812M,",0
"31030515357",8130,"ROV 615-Výtoň","Výt",,"01=0813M,",0
"31030515358",8140,"ROV 632-Vápenka","Váp",,"01=0814M,",0
"31030515359",8150,"ROV 650-Váp smč","Váp",,"01=0815M,",0
"31030515360",8160,"ROV 564-Harfa","Har",,"01=0816M,",0
"31030515361",8170,"ROV 552-Florenc","Flc",,"01=0817M,",0
"31030515362",8180,"ROV 603-Hlc smč","Hlc",,"01=0818M,",0
"31030515363",8190,"ROV 602-Hlc dc","Hlc",,"01=0819M,",0
"31030515364",8200,"ROV 565-Harfa o.","Hao",,"01=0820M,",0
"31030515365",8210,"ROV 505-#Sm dc","Smn",,"01=0821M,",0
"31030515366",8220,"ROV 688-Podbaba","Pod",,"01=0822M,",0
"31030515367",8230,"ROV 640-Klárov","Klr",,"01=0823M,",0
"31030515368",8240,"ROV 527-Č.most","Klr",,"01=0824M,",0
"31030515369",8250,"ROV 507-Sm# výj","Smn",,"01=0825M,",0
"31030515370",8260,"ROV 639-Vinice","Vin",,"01=0826M,",0
"31030515371",8270,"ROV 661-od Líb","Břv",,"01=0827M,",0
"31030515372",8280,"ROV 661-od Kob","Břz",,"01=0828M,",0
"31030515373",8290,"ROV 662-Břez smč","Břs",,"01=0829M,",0
"31030515374",8300,"ROV 525-ND","Nad",,"01=0830M,",0
"31030515375",8310,"ROV 570-N.B.S.DC","NbS",,"01=0831M,",0
"31030515376",8320,"ROV 680-od Laz","LaM",,"01=0832M,",0
"31030515377",8330,"ROV 681-od Mys","Mys",,"01=0833M,",0
"31030515378",8340,"ROV 669-od Hra","Hra",,"01=0834M,",0
"31030515379",8350,"ROV 675-od Spa","Spa",,"01=0835M,",0
"31030515380",8360,"ROV 690-Pod.vod.","PoV",,"01=0836M,",0
"31030515381",8370,"ROV 670-od Špej","Špj",,"01=0837M,",0
"31030515382",8380,"ROV 541-N.B.S.ZC","Nbs",,"01=0838M,",0
"31030515383",9900,"Zvláštní jízda","   ","T",,0
"31030515384",9901,"Služební jízda","   ","T",,0
"31030515385",9902,"Zkušební jízda","   ","T",,0
"31030515386",9903,"Manipul. jízda","   ","T",,0
"31030515387",9904,"Cvičná jízda","   ","T",,0
"31030515388",9905,"Přepr. invalidů","   ","T",,0
"31030515389",9906,"Technická závada","   ",,,0
"31030515390",9907,"Smluvní jízda","   ",,,0
